,1961,1962,1963,1964,1965,1966,1967,1968,1969,1970,1971,1972,1973,1974,1975,1976,1977,1978,1979,1980,1981,1982,1983,1984,1985,1986,1987,1988,1989,1990,1991,1992,1993,1994,1995,1996,1997,1998,1999,2000,2001,2002,2003,2004,2005,2006,2007,2008,2009,2010,2011,2012,2013,2014,2015,2016,2017,2018,2019,2020,2021,2022
Hainan Province,148.0605924385364,138.72596244211155,101.91582927513055,130.4464496836863,105.50886832047169,137.39248145856135,139.66174558083327,165.4726877592264,136.39313524471962,154.4147460007518,111.58557930348087,111.3360144007317,132.11081710011342,137.16876900824005,110.2825292359564,108.00929931921841,206.36251183246645,132.336223714654,156.195209180076,161.41334506211126,141.9839610631238,157.5070932261688,191.549773831599,131.8182544570084,136.08777250329965,153.47219834988982,184.56812154620624,169.39682607736128,147.24819597798688,165.94010185004726,154.09981882194103,138.02356087845195,203.63830754269753,131.479174142802,165.33526083445372,192.07402950864122,162.0464753300961,238.40142944767848,174.13796537642517,160.26739167609654,157.07937689222314,178.09575547877878,192.22979778458506,189.85479450125257,180.84369766146108,191.18071184604796,189.44982395806932,159.60316000146523,185.79648337968655,211.8587593048256,189.78505828986724,177.24644395663705,159.0914784570561,215.40669595047143,241.08711444476143,231.75163185279783,217.2030636855755,154.13559782793402,251.16702911232431,255.51685634889097,250.99264536266196,219.74644779885452
Taiwan Province,0.0,0.0,0.0,0.0,0.0,0.0,0.0,0.0,0.0,0.0,0.0,0.0,0.0,0.0,0.0,0.0,0.0,0.0,0.0,0.0,0.0,0.0,0.0,0.0,0.0,0.0,0.0,0.0,0.0,0.0,0.0,0.0,0.0,0.0,0.0,0.0,0.0,0.0,0.0,0.0,0.0,0.0,0.0,0.0,0.0,0.0,0.0,0.0,0.0,0.0,0.0,0.0,0.0,0.0,0.0,0.0,0.0,0.0,0.0,0.0,0.0,0.0
Guangxi Zhuang Autonomous Region,119.91547002367324,111.51892868558741,124.5616155656588,114.72691550870687,97.19532651276867,92.42521489323097,131.35933320265897,89.45948759682815,108.65312359793386,95.81152739629323,73.98989062498703,113.94566623957846,80.55467663000701,64.80721581489478,104.23799068819801,78.84414600833479,111.7162653063507,117.99182288357855,108.56176040863478,110.43248629791941,119.00557753281956,114.09412670156118,149.74151041517501,111.83668210844296,127.39312870847215,106.64025718779473,114.34546761109135,119.49949194851595,130.85504593216044,142.50922629930824,114.73045365305533,116.5022714076238,115.88252230256063,66.51653925912206,106.04246750541269,98.54294228734875,73.4595134987216,147.52291823388435,107.40701934057786,142.506140190664,101.82978519427397,95.12845335905658,152.76272175033648,107.73260279678605,132.1819142687034,114.09672891614952,153.84114465583778,95.26664847020518,153.89875291144295,142.59486898436128,155.07360048105627,127.0555680956043,126.1259413008926,131.5280947627528,132.52004453812958,161.73148823525236,104.07725584038738,105.89801241831805,136.43964686197413,155.6070585623611,168.3559128348508,151.05675712197694
Fujian Province,72.11392349177616,67.49748519307724,51.95980559304462,64.60328077077193,37.99346628006458,57.80901477018608,79.17811586088212,49.156143091212925,64.93314956915805,55.04937873995304,76.14981702876753,43.79511859185298,38.105928583129284,41.845619455149965,40.68123305084549,39.52874655261158,63.562565000212324,65.01313277057952,76.60763701363916,83.80450492224548,60.641982453703996,51.516218064733316,80.15151347275899,51.58419543727956,31.656336614975213,60.45405381852001,66.08066012583768,84.07425223938762,71.12811044181444,74.44792489304662,84.84388945787374,51.25984615550283,64.18830364455687,62.317362205033035,46.79266196373884,62.94658454216589,28.811639722201953,100.84210384409931,46.74468469801546,57.16515199806302,64.3022506745501,66.12856190071285,131.7490717871798,77.86962359735872,79.63732719756669,89.64826393824745,92.03093214972499,70.78646638426164,87.3930093132223,97.36997380876889,92.24186644475475,82.7958662154395,92.11102000413709,97.85425623950032,74.10715476007918,98.02642795514471,107.14345025099098,76.7746663413325,91.49956590708803,135.39590993726733,96.2925562960582,134.50445397992019
Yunnan Province,0.008376219237162386,0.0004986344640528105,0.0167738363064115,0.0057149089034406065,0.012704138026037625,0.0015850770204385905,0.01866101375879626,0.0,0.001849270659299469,0.0032201094416429584,0.0010325511099463069,0.005444349839264084,0.03252232200445573,0.0,0.006199259323626262,0.00429932457099268,0.05075242943870361,0.004930965758370222,0.011277858961006524,0.015197733050873337,0.0016910784820841727,0.02518777105754151,0.06546688906134976,0.009698537315614948,0.0,0.035531039658134984,0.027790516435883587,0.05237360854355284,0.00911209828897755,0.003956946174417216,0.019814359541703144,0.0018883187276824973,0.0128910510427687,0.001352168408680623,0.02984864822113444,0.004716895060814277,0.019822873736346783,0.10392647881885236,0.005898178901434771,0.01060049707376541,0.005799886988126448,0.013634022782656343,0.03380076358191726,0.01987363233344326,0.006719009863677038,0.011616748577276579,0.027284441128018457,0.0033716335379930453,0.023420933821515087,0.1347088917393188,0.07633841938315442,0.01120657603677753,0.026501089192634414,0.34082082041703504,0.12269923957843877,0.0614380107466077,0.10091505765089298,0.027261500308947022,0.2113321599886265,0.06204663279288206,0.11367966997193248,0.24712814332863442
Guizhou Province,12.451197914549127,5.235687300119293,3.201069216484189,10.360349365896838,2.8681097423655744,10.601828463076455,6.218328659605257,0.9362317236287407,2.962577781674801,3.2285420995945135,6.003032075236781,12.242403389612068,1.9364321493146983,0.5983101299725972,6.704542727146733,2.655947490551363,4.539770607467674,9.559248335687082,4.143305304876185,2.8857844418583367,11.989742687115475,4.286419148925597,3.780120309815134,4.542734093548907,3.760651300665706,3.194582244636113,2.0093500652066543,11.258647211792516,7.009141361010933,5.196490843946709,2.03550319760425,9.013489386020181,1.86947459149724,4.515379753063399,5.368573698891688,2.163828645784016,2.480567017719529,4.333372658619633,2.1522989139778645,3.462892371337724,4.898792062497378,4.403711144966914,13.067301669689614,2.698170736706767,6.565820711154264,14.803506953410935,3.90737004064634,1.0641520710572272,7.284125889664695,14.230358631731605,17.652395220074638,4.220932290640933,21.339631189735947,5.454180050495929,4.386397656633364,12.28125478426145,11.42366304991084,9.415254141125693,6.74499612333109,6.923160658579658,11.831596349606006,38.26782040906223
Jiangxi Province,222.2456234587967,180.82991198639928,174.6012756032303,170.96445379096627,120.2238790428926,164.30950277174583,222.20003731014896,136.20525487127728,141.48968184745195,137.1533585894406,224.45333447337984,134.66969329564913,131.24327715230544,89.6269447388656,124.57784047984538,137.3812892422214,124.72559699803917,217.7795470098846,169.03493098814351,129.50835220827244,192.8160806452149,124.17670195323609,157.59658686717458,161.71438528487278,139.4442579211865,140.13746148427714,134.7623268279689,208.94317672855786,148.37931337001962,193.73805070349917,190.24214746895032,139.54402879993478,109.9742478498781,164.35641699758696,138.70422580575234,138.6980025973724,72.86951862990433,187.73575123168192,86.0686390263205,155.55521135895316,143.02696979340382,135.7858056086314,248.0258383203511,147.85958588543733,191.68340129934035,197.77741582191277,205.85204468259695,174.97729207449515,202.7687664324937,192.26531780804083,183.7397975106798,190.30140860390532,259.974978342787,130.15674152297015,123.45905656910884,215.7638585375111,187.16131102026964,199.13878396656764,191.38042731189148,207.7061935975549,193.60733243744343,290.7283016117823
Hunan Province,207.55437752086718,155.3248320715486,191.1319391108832,164.47626322197257,129.66069865880394,166.69188781283003,179.18947915301698,106.27533427967668,118.65220421308429,112.93270537981236,170.31732549462703,162.15922032710614,107.9382028680639,94.41611851986288,130.16183397486733,120.17557589386558,127.0338709984854,184.86412083881945,139.51086631392855,104.0845807348167,194.50742859699795,114.47113557075501,133.6481103029758,152.2857174777425,147.210791089217,105.17090808466324,116.3256854515873,169.137099923949,132.10529011441454,166.54148997074316,143.92799162095713,141.68647609818026,89.89175648485275,120.09574324059204,149.20571655883094,107.47614412678558,100.14723240469993,187.94300397726997,73.9922531668916,147.98170683372012,145.12903020080935,113.3300477524964,208.06655551032839,111.76474178672277,173.93752332316183,164.97411019398186,177.212141756385,138.5581350826066,191.8220702615049,191.1384827161037,161.59243905915378,159.44836856585837,273.12845990578376,96.49202423248104,100.50942653816776,180.8839093257561,169.7179672468007,178.18304291422962,172.6941004743453,174.12066449605732,195.9714989869928,278.9391551623173
Zhejiang Province,168.55592160063935,105.95034650379716,101.51314416091577,135.2022441489793,86.49656970766972,122.43122643819835,172.07187270706964,82.49740908860406,96.26161771943194,96.33702427717425,182.6871450653796,64.10909659272721,82.30912315821317,65.28182282139875,81.1378217140916,94.60499946084498,96.21463528102836,142.84554937602445,105.38392356430815,79.41240284548894,101.38710100753175,59.72659659750501,93.26357680767231,104.0315747017751,80.64087073865652,99.31463459197892,91.95061649614784,141.85201406257528,66.822876173603,151.2525486734241,111.29926461550826,89.86347843159507,85.60923796179247,174.63452861970376,125.38674400943071,111.69595698051525,74.48626006456507,169.611206610318,43.34402872288018,116.3577512321749,124.48816976591735,87.6321480722115,205.03414887197297,147.12054413489233,152.8184173448895,171.37539058487846,190.25365693442242,140.7408659427486,140.88139102274624,151.4384324191771,148.28195391143942,150.70260932152053,237.59709761431094,84.16291726764325,88.0201857925303,184.74262048034143,202.06022288380422,149.74092443640416,123.37608625222461,160.76363409091726,124.32260010551683,278.63668796631845
Shanghai Municipality,184.10085974633168,114.86654755218866,114.56287234720381,161.95874613108916,100.60349882611632,149.3465365840592,184.23644831318921,81.07428246739916,103.96960373110836,101.71486968812363,209.34721035056285,67.81553098725709,107.23517791033937,77.03255922079927,110.36991579511005,97.62919065700176,100.89072026398011,185.2374365806901,97.22346587063339,66.140814319341,119.80931597234243,59.14188818838317,111.83133742072081,120.81511211859649,106.8339559628139,102.33209520324522,101.49610898494639,134.68889095433093,60.17117393071227,190.95528683626787,101.39880414170123,108.97451198455218,75.21563014223364,215.99672052559183,162.4359116977634,117.09126661837172,107.81163715332988,210.33007013288648,50.338120628094956,152.61378627563565,157.72705792848143,102.25730128212922,191.75812000691406,191.68167918721798,193.90077000251034,230.31877538390583,221.05836828050644,184.3079819340731,146.98818098602865,205.0806481974609,173.57490117111362,191.87332753767956,321.43661901425753,78.41319833128891,107.64123830399237,212.03983108490792,260.35931906683857,195.16752972242284,138.8553619028036,161.8743416502039,147.33173779788962,320.59865551726847
Chongqing Municipality,169.82261234138184,91.26857794845105,95.93772849301628,117.41075447513782,40.312146974574574,128.89946565359406,117.93273872366527,57.157387752129225,96.17155121199505,107.00241246355841,132.12324145074538,137.82832591241782,87.89468213546323,45.5035402704713,101.59412586960205,97.13535773036017,87.56123340354206,131.77779009409483,81.80168891487986,57.239670536735424,110.46708095829553,37.53521872181973,35.174010987821646,64.88267704738033,73.70950393047798,53.183366411281554,33.87030079434273,87.84614319095903,70.79216862668034,99.1049208189329,55.17962721744725,94.13999562778076,38.590177562363166,124.96264732298572,78.88381802198614,85.20939941413329,98.57359416330853,53.48819475344765,52.83309377819202,53.788342127838206,99.22627224107865,63.42208737653912,103.07597705460569,82.88130346168938,78.90968706154115,211.61837462833626,75.99074457026826,63.60519527964034,85.75726089652942,109.99238930770701,137.8575519014703,89.10587498600944,181.5439425781447,90.98511007677122,64.43713638887249,138.58887766183375,144.46720528757476,142.5731915727247,85.6009914538536,90.48472569162459,87.06650019698986,281.40622100038956
Hubei Province,203.2580304476441,126.74521167971184,114.23299443763179,137.4944086472347,86.85938507402024,179.18869373159527,183.74410043862588,96.31960865356707,104.21712572951174,105.25297909148789,160.098918855749,141.92736305617083,104.52527597155537,88.40020394784509,113.53612235124825,109.60951366793766,110.73710355340168,181.63798176476294,124.45434185869402,52.52836555131388,161.3832253974034,58.10558049617363,73.65923363277372,109.97963967821804,113.58411740404523,81.9345250792071,66.10522010135755,161.69742002267373,76.24026601082437,151.33049556976061,102.43764734358888,114.07776179712386,70.62608007534898,149.19420958429237,126.40629119775664,95.47406555534144,110.9162492878427,135.86547197632365,84.9356673819518,126.94207429353577,151.0034756428364,128.36716140562757,141.9814913491987,108.08876976197902,150.72410264844757,164.18965548831397,115.88499007387688,94.49814965244909,152.7438715344905,146.2445357016964,115.53025617800778,165.2312672388942,242.0302117488701,84.5562245497812,89.12373681988981,155.19368634446562,159.93599979091854,189.76374141644064,171.34528295129593,117.28782221001401,136.77855672826078,272.6892303445235
Sichuan Province,90.60488887714747,55.53648248818553,63.467263789048715,63.522305547554836,24.631525534517646,73.13402019481333,80.3579920792277,38.13424079266426,66.85683771441234,73.95194929705812,66.42283264329596,91.24758810805318,51.12705713886002,28.383048506949653,61.80670747381761,56.00940624025492,56.80294048465473,80.33842784332464,51.22438905158603,32.19970607997619,54.99260272521221,19.436846365300717,15.678682588897765,36.401901183828144,44.58130333794116,33.219000107717626,18.73126000633741,43.618804343380006,35.70310100124661,49.575386976771355,35.06322092801378,50.45663872368573,25.61108164065038,91.75804110300145,46.06013876003378,62.6589643241702,70.35584536254933,32.59397550428675,32.38993424190648,43.57234264892804,73.78632724030665,55.87669224873907,56.23171953225524,51.03740736072186,42.11141846420491,150.72085040626,59.0652745140375,45.595549698559175,47.623079122930534,67.10692665026579,92.15355401998124,58.417225261574245,103.8949203554328,60.05281194105571,50.24369220182514,104.99158875594844,107.93731576663532,92.81954973179091,57.35486055466759,56.87918310542162,62.42250580667316,218.99693986081317
Anhui Province,214.43945050649083,130.09405156381655,109.34711686120022,179.86438159300124,99.53180857800966,217.37171848246146,251.08471329949967,109.42426937400381,125.63141470692045,106.76860746145671,194.1189553570236,102.1916574716042,130.99720925804888,88.35628781404304,106.62474355369687,127.78870210830542,117.12055133140497,219.62823610184805,143.08879625492472,56.363697502130414,148.73711106231923,63.33646397799855,100.17909948095492,122.8905590391924,116.33204857580377,91.6299422065697,73.50243783374289,162.95929766975655,66.88627285682844,167.84359009294656,110.89658417326604,116.89113368791607,76.30358503053927,215.68189304522872,140.1533360599793,127.0713820997647,129.33389020477446,161.57259761215292,84.16436350478821,140.50716871880283,156.20540726128237,148.42742506733117,143.43079793635292,144.97214373585004,166.55784823750275,182.78887052466632,141.28264655282263,101.14046160138994,144.6176190219937,178.2270422720823,120.51904974385002,183.76510107291185,269.92181069192463,82.87582139632482,85.40838766858349,177.75635110566446,188.46933314285084,197.94337977115987,155.51861485427725,134.23912661569614,140.22442513935235,301.5309837748391
Jiangsu Province,173.00086526933217,103.03010364531973,93.40385281474767,162.74861252849777,73.82432151403775,173.93090550155114,188.71008559478116,65.80751452706419,103.15973337517026,80.92985330371371,173.26903654195152,65.46790399232184,110.6951979427301,67.71756514641729,92.12278687865533,97.30928692222452,91.07781788555621,189.4252475760324,97.67936726472837,43.26834650486734,108.80963824082284,46.51932252679465,93.46216104309215,95.9933511337046,92.1826260205197,78.30051996672327,64.08206119315466,126.30591075545357,48.6505566674267,153.38943515965994,84.5649926532931,92.65077853451945,56.57635054565121,205.08481400601073,130.53035366752533,103.90367070042645,101.2241572867861,153.15923132565447,49.51495538865582,122.2021914048528,132.13932818816056,113.43188426751163,118.02758636166016,148.2384580833732,146.69613451878809,167.60021879358987,139.8555206728769,107.90855034697043,113.542464829404,175.2311652972773,103.48553851785222,151.66970184710442,262.4417329386938,69.39563724563982,84.67456341223732,179.43823368140968,205.63018680435187,194.7009209796675,127.5269117805727,130.22069567555195,125.98301171937473,287.5673040971151
Henan Province,166.59504242218844,106.97535544934999,98.72676153111712,125.42484726452284,109.9647110716805,204.53211709546304,195.7888862146175,117.64411396044152,110.68159876617773,81.75543750019615,121.79960001753565,101.04778485871574,94.82678510816575,83.79953192465318,89.28547093029223,65.81225356757491,91.70510820409535,127.11522224768338,108.47243243438223,42.21332886780856,113.17547280200665,39.5136690054863,50.75354951274903,58.97939120973578,82.02538337881897,89.00667957980798,56.29779317078244,104.29912985150571,47.48960741741989,89.6744341849764,78.09845725871897,91.39590442432268,59.62369537164575,133.70214351704863,82.92073131223687,93.21669579897828,123.31888011049303,100.6601794205779,81.49572762372293,82.86876610850732,102.71686781518927,131.69941639763746,77.99496082750053,92.60351982314651,121.19870287526342,110.85013363998053,73.78046859943544,56.17320103053494,102.61055939567612,130.3394263844873,101.37390776375085,121.5451745121093,204.7492315858877,88.40439850486374,79.22361738342227,133.3392693366935,158.0081906682441,187.00234997693155,158.4638326028309,104.94565638208367,131.33190873832373,241.02270272991404
Tibet Autonomous Region,48.77191552299867,30.37591307406003,32.626953214917584,40.20125848368044,26.606863660697066,37.33615002789154,38.86323530253135,25.7779664931249,35.19988370461026,33.44591921118797,27.37723645480969,43.951490992452534,35.320714264006924,29.275735950904853,39.5753691172221,26.920096110325645,31.202985868200567,27.356513713989234,34.43229164680636,37.835266488419876,49.447768182441926,46.46795859945666,56.282245411436364,32.08684801644605,37.90929329217239,46.517096785216026,41.383374961299054,40.662003351265895,42.01010059976366,38.8801109707153,39.206264458152546,35.4218478532772,43.76199035385363,47.194864499794576,46.88070431500343,38.07850636098752,37.67353678145274,49.687198115036665,41.44648264503178,38.630937805455716,43.26890608667957,40.29957708357229,47.454828166841196,37.086172716276174,63.338029684937624,61.862060503567434,50.68938749177255,41.165620180423296,66.78812298266479,61.35703772392246,42.995417865604026,57.91883955350345,51.76534331598806,53.17371354118537,48.31890326793436,45.812313005414964,46.357746864350915,55.48444410596903,58.26266904745148,56.18600750235797,62.357592983533024,69.56677857122256
Shandong Province,87.1225495512894,46.6001752266973,51.47373514918055,62.9213482359711,52.92592776484868,106.89977135815121,109.84203353302424,72.80142453131666,49.53448125610714,33.264411387400855,67.00751591986445,47.884286565355886,58.95789426940661,28.61177163159885,43.01073255611401,30.52929349412621,50.035514185149786,72.85654685291117,54.04123568237304,23.195151074416202,60.03174364661191,23.62694955175004,54.40953709757984,29.901457743502462,49.26159467566572,41.99508003947835,39.22265612492711,59.85900451357866,33.91140311823157,52.58864682788593,41.48997182756439,60.88752510599227,18.96185960700197,101.23091539145027,42.08808900874465,55.86561875000625,110.42607281487201,67.3999556886252,58.723564780597066,78.79658793982065,54.17144464665907,86.66826254560596,39.88597552258743,49.228554244406034,84.97971193685817,63.00359347834907,45.833994307821754,32.20795386694602,58.80513371565766,91.00269351604618,53.501098667575384,72.27056889116754,119.13231893556909,52.475032363318306,61.560463488170875,87.9043120258731,110.00836281712733,139.40985583630732,101.28900688474899,65.9782002608118,73.13814473576912,130.728208808408
Qinghai Province,0.0,0.0,0.0,0.0,0.0,0.0,0.0,0.0,0.0,0.0,0.0,0.0,0.0,0.0,0.0,0.0,0.0,0.0,0.0,0.0,0.0,0.0,0.0,0.0,0.0,0.0,0.0,0.0,0.0,0.0,0.0,0.0,0.0,0.0,0.0,0.0,0.0,0.0,0.0026850200284365025,0.3576914211137015,0.0,0.0,0.0,0.0,0.0,0.0,0.0,0.0,0.0,0.2336627204340618,0.0,0.0,0.0,0.0,0.0,0.0,0.09176531031757527,0.0,0.0,0.0,0.0,5.643995111871758e-06
Ningxia Ningxia Hui Autonomous Region,0.7469160528412973,0.0,0.0,0.4094592661719486,0.19723647599845645,0.5881641404770879,0.7748428488994739,0.009622209507455085,1.560950187977324,0.08958539769717233,11.22005027065125,1.5848542989499295,0.7866238967007176,0.11745865002773229,2.063127916568777,0.06177844458000479,0.2283413172450595,0.13488221413577522,0.0,1.7185402291503775,4.56616918814448,0.2030995387776704,0.2503502244262739,0.014045978814434161,0.7735988122800244,0.29387571682482283,0.22348432250053335,0.59818299180236,0.27874842554259976,0.505568758830545,6.30075089681507,8.254352510893011e-07,0.0,1.3936560920849002,0.28501420017279205,0.5517569702883007,6.877504262810487,2.206675026233799,7.880489768689734,17.089293074060567,7.779438378253324,7.308312577402756,1.6695466421070415,0.6586253481157625,14.387515640758675,4.83130541525086,0.36996569599815066,6.282673371980308,0.5653622175182618,11.521825848281061,5.193751181759707,0.26610267691709627,4.4415506165740695,8.445222958985934,6.832596942627054,7.533893143468882,14.589907422770787,9.7009612879712,1.0132014972159527,1.586031320436299,15.108766544088919,11.510092272263577
Shaanxi Province,29.994403122229052,22.120382675536955,20.442138790960772,19.434911179460165,10.908572937590968,36.943197306718176,39.25483991153001,25.731928622401234,30.724063256017903,19.559003558144305,39.7836204234746,32.269754426733485,23.296930097028223,15.64808525412203,16.095636604651816,10.688880850438787,18.15288841476407,14.212681146398696,21.995272051614457,7.434685938334321,27.58299224321606,6.261671642763051,2.8246269798292727,3.6819066741645248,18.27738700492607,11.60735803090806,5.9656768686538255,14.329784994800495,9.001785252925252,11.723060652296507,20.049141595247793,16.388378526203137,4.47258679373242,24.983003382928423,26.775561068079835,12.431417969605635,38.36695809197837,12.56147120224728,12.271400508254699,20.913835046830187,27.43555458888047,32.74890710194638,14.060786995589217,18.42972285877808,28.437547082840474,34.13098194412938,5.5375367195373375,8.941398933604166,17.00556803651126,27.004141644197915,16.028390115970822,14.911252942399386,29.968282053099575,27.054937234522146,13.833955877626483,35.72068299759588,53.34006991798045,38.701175665351144,15.430548455606372,9.037976741978959,20.52069366815975,60.24310984876231
Tianjin Municipality,81.87861313168736,66.39974262096996,85.90814691669682,47.67667415561367,63.34618274877096,48.7292538236687,56.3013344454796,79.79391881302847,25.862408735054473,24.299970080986686,43.888007037913404,96.50682138730349,46.31071747931081,31.075613415651553,60.83777436323335,17.109023371811148,28.90606517810582,61.79166457557824,32.55754219044159,42.526653238849995,84.31296251251374,36.16710454049554,75.01160809495137,51.33715948544351,36.16505285293382,21.903510395327196,43.74270830306352,56.990661554374526,53.72958994231153,44.75792195333014,56.142229760879964,45.78867337924216,19.52395161267887,111.04445707028134,26.60878082292028,39.45409091035752,158.63132203266926,77.20614372816866,126.52565445459494,154.27648930949306,92.70420339995897,83.56719548171553,50.73479085488044,48.07369262333921,108.91727475563412,75.0744853597171,69.9145570765172,72.32894596778871,88.00230035765696,95.0244730636065,83.76232766626926,70.68644236848326,113.17628062187273,103.07954935697987,83.78286375573973,96.92590170697281,152.19554618746773,185.91479846810466,118.69950156546714,94.44539218818113,64.61573007784867,129.16642581880282
Shanxi Province,8.623053327244358,4.706364468214978,4.025733749170272,3.114581762492784,5.139924158846765,10.453674435075454,10.439997667349342,6.023494281169507,6.724016234585486,3.0547895956227826,9.736543159078066,9.154599961215247,3.2292586445636893,3.9439027768940766,3.9501225381423657,1.4100311875029472,2.411968137867441,5.02916114791126,4.4320273418435985,2.330863733025548,7.335681339318917,0.9652787415192556,1.0725463494356131,0.4098611654396793,5.463012149714045,3.584021932942666,1.8633143118271605,2.638413074451192,1.586906912279402,3.208990816024592,3.8315086169916377,4.546170587857184,0.8028503990011236,4.868977110936729,5.399524661944184,2.951569274785071,10.665797696251047,3.6136548195453053,6.06751945434932,5.047528728696131,8.708495710420648,13.58519965329549,3.3150781433351897,4.075890864385464,14.789278783246733,6.7014618356027835,2.368788835450914,2.4677130341428444,7.548365336102537,12.778273068438066,3.7420949549868974,3.5073247969399493,7.407446300200364,5.454083913617512,3.621604267615503,6.509658035561513,15.132818929490258,11.771027492179588,8.525284515448385,2.4302574999788358,6.85994506076668,17.052534470544824
Beijing Municipality,41.02312358944722,22.19882110922954,32.25726165027695,16.94070762672933,28.821934341181798,15.773111111619333,15.531789811550567,34.73913783496876,8.010692443843574,7.48177134078199,15.401653561397119,50.71008076773994,10.698040866103064,8.526213741806604,23.771738345104737,4.216158091613617,6.128334033501333,13.119863570976163,7.445707443537823,11.65391803912182,36.625021187947745,6.347203825758742,23.02381279121931,17.213494320772615,5.324039958964865,6.366507262108459,11.193420650828251,13.234056119448926,13.231456305384715,7.298701761076021,14.32138656585215,14.586778936985365,7.004073615428617,31.20640851408996,7.5301067913416615,7.507632250088758,53.85775792683315,18.876731935583106,64.88313906126679,81.83751259004298,35.502911286292445,41.868043823123664,17.9611660803827,13.119431161129269,44.50685380307171,18.732385975266318,20.425012835517954,21.94543003117912,35.75263524938182,55.19372159424098,19.864770354063168,19.392951658659726,33.265587524910366,42.23652828346387,29.232359590509727,43.30527120704494,56.86145179012733,79.74695157505886,48.35351965929396,33.643561020635616,14.406540893812398,49.191779587104214
Gansu Province,0.5591074517538088,0.4967353025202461,0.33400683514683593,0.4099496895247842,0.16546948847886972,0.4759789911081874,0.26501182888241304,0.09908405591174016,0.25489498106885544,0.2879175257668391,0.6451405625845483,0.7429501421963836,0.25305818827812576,0.36187183487703783,0.5500070724785795,0.03400464529825936,0.23201866235783125,0.3374363226825865,0.0743607522209023,0.36548160789420947,0.7356891631047089,0.1991135850384243,0.14524417033521395,0.07540352325330492,0.2591329834175322,0.895661568371886,0.21836777083552109,0.6860040309945715,0.16362771042595195,0.25307974626190954,1.1297049540813864,0.14526399413057065,0.04395477515863333,0.6973054293986867,0.34706530955851644,0.27765155281382126,1.2047657857243994,0.41193511212808137,3.1281008004743813,4.982290196305552,1.6053549539421783,0.9948842046960784,0.21558112914754518,0.4865153103409082,1.4651824960701252,1.1208714473153158,0.5007609037158915,0.9909390985549388,0.6825615986179621,4.664272325188169,1.802076182075913,0.5035115704729076,0.9088989765920088,0.9586604365151573,1.9404568094490526,4.135779510915691,4.795485414571368,2.1648761177905986,0.5624230999035713,0.8635715779521779,2.9454476779807908,2.879323103846678
Hebei Province,84.69710530388544,60.45455512330875,77.9170462442914,54.43366548013905,80.8980688099108,73.19090912699276,73.41860518522678,90.07057019273311,39.58727679394124,39.96241001786036,52.11870474544178,87.05133618821252,44.054731620509656,33.780319269505625,59.867156975725266,19.924884037696295,32.149991162747796,65.26877732996869,40.550326052974896,43.71688674665012,68.7750850335139,28.122085143375408,53.67688721472783,42.94438236513054,48.77581892822265,40.791347241352,46.35888626308446,46.179674127775776,37.46607785598148,37.66108280064772,45.340071793755314,61.18473443648831,26.538704366603877,87.38834539628961,32.42994810995637,46.46505052796428,138.15698567905685,87.18502921869747,91.69110462091425,100.80792734597868,72.81033743147061,89.95867222635988,41.42539854355388,44.189706628163655,105.9058757551783,65.89906115666612,57.076189073006915,44.44044739468582,80.72533843842183,96.34232184680616,73.237216924443,62.365180916411546,93.97773461429907,69.31630172742595,67.66153389623604,78.58175878478055,115.26213054659308,147.54417047001743,110.69507129466385,64.85764243055384,71.04305044708542,108.44530266883191
Liaoning Province,7.143144475398481,3.7387342486401005,3.848890351306288,3.512231813798525,4.409249321212866,4.846582494986931,10.609395703469804,6.130071986430922,1.3473885364301876,1.766811783374702,1.435016487126628,7.642157522407127,4.838047061537982,1.7816175856779124,1.772817748042789,0.2643843476771338,2.0473715362588334,5.663921961018049,1.0539525167763308,0.2226368786099932,12.465843363525737,8.94012138366918,7.953661242114883,4.8646176885492585,0.11670125736129092,0.12755425944029258,1.8838119527262673,13.037505315780718,5.754471383323601,2.0470561905912508,2.9670327769458407,2.8220331588582934,0.0,24.449693687552752,0.17306911846143436,0.3530142286481402,28.115778309354994,1.6569597080960885,22.655415418610545,34.43062083556976,9.25326220152895,12.479153276732799,0.18349929463852516,11.198905834641614,8.245870828244124,3.852648124648174,5.64490035974093,3.3213024739227137,6.568088586901308,3.226068104310129,1.5657085243851943,1.495066317673466,11.294475493876268,6.619885502339516,5.96607418365797,18.4040258703698,25.668494404794323,46.86337625702645,18.0380108983045,13.228609123426608,13.305621642703967,13.05964749361841
Jilin Province,2.002578946135351,3.086998027838659,1.659560652829656,2.8629068331330556,2.5698859629564743,1.3659741343406904,1.7806005690446773,3.7065990346081494,0.023303412076093384,2.4201007207022602,0.07376381626632972,4.273924182493575,3.130094674075374,1.842186449636395,0.6503782689536337,0.30595403973763624,2.761841224996471,5.299268261233408,1.4098790753512074,2.7051832671892457,5.73806638504158,12.86774141818373,0.9692339189521023,2.4698020926189383,0.12914927026366485,0.10305102781821762,0.3744195503115502,8.632971130309212,4.179280414460628,0.3083279732734229,0.3284305663726726,1.7916623268509915,0.01221171960667802,12.015258806862036,1.1599172272918643,0.2875043876285238,22.61340964807694,0.19156002588750648,11.048768829939204,20.687024155017863,11.044784104801842,3.2700995161710797,0.4660204729210895,6.687659454073599,3.2090847669171954,0.8512605276602494,10.165391161415021,3.4889679963938702,1.4330704764882911,8.285040978844494,2.895259020573964,0.910374762228393,2.4608737612201343,3.9846481220580596,3.259059725432124,11.869054790903956,12.727680436507253,21.996550376334447,5.456271018020367,8.394338358107447,14.62864057667582,4.6445922842809555
Xinjiang Uyghur Autonomous Region,14.052849768640117,20.618303952156275,15.694884268021362,13.027367974338897,20.347769947686714,20.379311955810905,12.404731815989809,18.69500795890356,12.64867506327762,11.69260528595997,17.93975324154606,10.892235699015291,23.236232833954666,24.368880427867627,21.326686629342646,11.20402338689404,20.883931095204513,29.10896751679317,16.26174581908833,19.717680941574773,17.515099056850197,20.453541621612317,19.158688748378573,17.22953671099796,17.622119078742244,23.26826605562154,16.59217318674827,17.384833180068206,9.519709165578938,16.375206668800175,14.972959045321574,10.241199657288249,5.800982029927157,19.03442881850993,14.567605437647625,15.638005426104682,25.094653728061587,19.265366073768522,19.6597284008721,22.864798402636257,26.379584926943544,23.100049668814854,13.293196280043318,22.991044239225815,21.705340714303034,27.386212438049526,24.13203448656119,30.246601505013214,14.17471892409118,24.77276204532837,25.143174636222085,17.94436411990163,23.233105096854715,21.212496810996768,41.934949326756595,32.74155039230427,31.16630260975268,30.577379926610863,28.887967625248955,15.436495209300974,32.71780808636274,43.07446592521417
Inner Mongolia Autonomous Region,3.2056567395484556,1.8659595242487559,1.5197984892412344,2.251374586817359,1.8823557177602064,1.5652964042277568,2.1216759847070255,3.8366860569819377,0.34424201535480786,1.8230058030825347,3.570841326553317,6.073047967662654,1.6612837393322957,1.6172241569721455,2.3464177471070435,0.2602011640904264,1.6928194106891736,2.697652964664733,1.1190392585128492,3.8017184566822606,5.749532440897336,5.263776646892671,1.8121741767055985,2.802405561109075,0.45311548497288157,0.5262301516288866,1.590353883940191,5.413728364255069,1.9396259708721102,0.6538975563661772,2.6691341108503113,1.2301185510024712,0.13685664275137557,4.400042584207894,1.6237321392512807,0.382246021521263,12.22529487044717,1.4857526811555595,12.967187065049705,18.813778485713406,11.538981906399487,4.597850882802602,0.8196961263694781,5.375301953301928,7.703682782668391,2.264143171836649,8.315502511982071,5.448185894917746,2.3430524011754126,13.792004312500183,3.7339200102461234,1.130878453313365,2.4711620387784388,3.843403598862757,2.000718932778489,10.332174174414927,14.826147920078304,12.63675529490713,3.902812250133438,5.765665268905886,4.2877195479368435,5.266251559648012
Heilongjiang Province,0.98921134483546,0.3185696984268006,0.7448842184850016,1.2212489368508548,1.9267210041477758,0.26669086061933905,0.21171868841341349,2.538595519826895,0.2282010102053711,1.475014748880198,0.019101131213500128,1.1322350883066887,3.475780498008179,1.8089577413787616,0.2359777528977342,0.9991178182806948,3.269271786708789,3.4739625172994764,0.8662015582479659,5.7381569996477575,3.1543863334719178,17.3587399158065,0.15328187696587603,0.634885773695205,0.334174414658448,0.07543789640630101,0.30242574188934723,5.8399974278442865,5.472495674401723,0.31453271814587,0.22341575517180073,1.354479631140646,0.008530268970618697,4.246346163946005,2.2248143222997676,0.49660527061120174,12.59859324941012,0.10415527014734685,12.536910523699799,17.054538950936106,13.040665400478295,1.741660087548043,0.6293812780069936,5.014470207525728,1.5432937455385538,1.8698024841554368,4.263898991318826,4.566137584384636,0.5996621854325208,14.063702171212785,4.3606136502473785,2.4136489575484887,0.7119631392042383,2.87307367479811,2.6109018903387375,5.764052363500611,8.855804869003897,7.367728909050657,1.499769571900741,4.921661598510646,14.49764854130483,2.6030619055399193
Macau Special Administrative Region,,,,,,,,,,,,,,,,,,,,,,,,,,,,,,,,,,,,,,,,,,,,,,,,,,,,,,,,,,,,,,
Hong Kong Special Administrative Region,,,,,,,,,,,,,,,,,,,,,,,,,,,,,,,,,,,,,,,,,,,,,,,,,,,,,,,,,,,,,,
Guangzhou Province,145.40531236129328,165.8572980868774,130.4713842620367,127.60258242390427,105.7032241729677,119.05182390217811,165.42268594557953,132.41638810810795,140.61375189541386,137.43229287446684,126.28319936342297,127.01820126319994,97.31637647305601,119.62293532934734,109.15661068625872,102.60877314604744,151.40228127949635,141.4733117876303,140.64854224102382,163.39895761408633,137.6049403520084,141.63064016674076,172.93851268301984,143.46252885631702,116.33201281278971,151.19020224049137,150.9515744047968,148.7060281923471,171.8399027891108,196.126110515922,163.65892840480115,152.69863573958747,172.0359540746598,115.2029550310302,138.21153643120346,167.47032059459968,114.04205542580944,210.83124795735932,174.5463412745109,188.3336106009427,154.82442289571543,176.26460221523746,211.1280686617598,184.9644412096501,175.05798534553458,185.04731104470707,206.0269319381975,149.26142155916725,203.10878145463673,184.65692287404568,213.89012907173893,188.0040219399112,159.70228817239467,231.7677661847815,218.25616933928978,215.7609214406275,203.62474916965903,169.53868758688378,208.13108395107338,247.76528729287992,215.3609676143267,207.73476675280648
