Province,1961,1962,1963,1964,1965,1966,1967,1968,1969,1970,1971,1972,1973,1974,1975,1976,1977,1978,1979,1980,1981,1982,1983,1984,1985,1986,1987,1988,1989,1990,1991,1992,1993,1994,1995,1996,1997,1998,1999,2000,2001,2002,2003,2004,2005,2006,2007,2008,2009,2010,2011,2012,2013,2014,2015,2016,2017,2018,2019,2020,2021,2022
Hainan Province,144.84188641304300,135.71017923913000,99.70026847826090,127.61065663043500,103.21519695652200,134.405685,136.62561717391300,161.8754527173910,133.42806684782600,151.0579056521740,109.15980847826100,108.91566489130400,129.23884467391300,134.18684119565200,107.8850827173910,105.66127271739100,201.87637532608700,129.45935347826100,152.79966586956500,157.90435630434800,138.89734826087000,154.08302380434800,187.3856543478260,128.95263880434800,133.12934217391300,150.1358468478260,180.55577445652200,165.71428728260900,144.04714728260900,162.3327075,150.74982195652200,135.0230497826090,199.21139510869600,128.62092717391300,161.7410210869570,187.89850956521700,158.52372554347800,233.21879021739100,170.35235804347800,156.7833172826090,153.6646089130440,174.224115,188.0508961956520,185.72751097826100,176.91231130434800,187.0246144565220,185.33134663043500,156.13352608695700,181.75743586956500,207.2531318478260,185.65929391304300,173.3932584782610,155.6329695652170,210.72394565217400,235.8460956521740,226.71355010869600,212.48126021739100,150.7848231521740,245.7068742391300,249.9621417391300,245.53627826087000,214.96934836956500
Taiwan Province,0.0,0.0,0.0,0.0,0.0,0.0,0.0,0.0,0.0,0.0,0.0,0.0,0.0,0.0,0.0,0.0,0.0,0.0,0.0,0.0,0.0,0.0,0.0,0.0,0.0,0.0,0.0,0.0,0.0,0.0,0.0,0.0,0.0,0.0,0.0,0.0,0.0,0.0,0.0,0.0,0.0,0.0,0.0,0.0,0.0,0.0,0.0,0.0,0.0,0.0,0.0,0.0,0.0,0.0,0.0,0.0,0.0,0.0,0.0,0.0,0.0,0.0
Guangxi Zhuang Autonomous Region,105.98932956521700,99.21152152173910,107.82937076087000,100.11969586956500,84.42750472826090,81.36515484782610,115.79818206521700,80.07975489130440,95.94433076086960,85.39554032608700,65.81135347826090,99.75201163043480,70.4110470652174,58.33771141304350,90.48548543478260,68.5237656521739,99.6358685869565,104.05038228260900,96.0346389130435,98.49912358695650,104.39425076087000,100.07755923913000,132.23622130434800,98.35008750000000,110.20798467391300,94.17329706521740,101.2220520652170,104.8437518478260,115.47387195652200,126.09329869565200,100.92945130434800,102.54895043478300,103.17768652173900,58.646862391304300,93.35766913043480,88.03241510869570,65.3180625,133.0400543478260,95.65792532608700,126.59789543478300,90.84564097826090,85.5327247826087,137.01129358695700,97.3012372826087,117.20428336956500,101.96097847826100,138.00605184782600,85.43487423913040,136.3877931521740,127.05435195652200,137.9767725,112.1668141304350,111.3913027173910,117.79130934782600,118.69422065217400,144.83162054347800,95.7710925,95.08389554347830,123.1240529347830,141.73946413043500,150.34832510869600,136.31829456521700
Fujian Province,76.13941304347830,68.63944108695650,55.19017301086960,65.81708139130430,40.62683021086960,59.50311407608700,83.26208054347830,51.18554308695650,64.50497647826090,56.38567177173910,82.2453172826087,45.309105978260900,40.11367891304350,40.59622056521740,42.494829456521700,44.10524807608700,62.23499060869570,70.01014754347830,77.25749380434780,80.21979097826090,64.6037661521739,52.69279959782610,76.85817847826090,56.27005141304350,35.78972791304350,61.19808505434780,65.73330772826090,87.96989934782610,68.06757326086960,75.60706402173910,86.30945413043480,52.283922456521700,63.65608043478260,65.71010934782610,49.64771152173910,64.18294532608700,28.966210434782600,99.36166891304350,44.79234847826090,58.53919500000000,63.49360695652170,64.14638967391310,130.4143933695650,76.78415054347830,81.55604680434780,89.31879782608700,94.401045,73.84073478260870,88.13612347826090,94.9497149347826,91.72853413043480,83.72699148913040,96.5702641304348,89.21994515217390,68.70113608695650,99.74717510869560,103.428405,78.15303586956520,88.68030945652170,127.65638054347800,93.84639260869570,138.67944554347800
Yunnan Province,3.1738199673913000,1.8352619413043500,2.584730729347830,2.2828340641304300,0.7718321431663040,2.8422823891304300,3.3174214239130400,0.7462404195652170,2.038608860869570,2.5867063369565200,2.572526015217390,4.5134325391304300,1.431954577173910,0.670514116304348,1.7029715282608700,2.180202525,2.6074751086956500,3.0405629739130400,2.038963588043480,1.7604077380434800,2.1270444065217400,0.9126826630434780,1.1351098076087000,1.434453847826090,1.3895653959782600,1.1000662728260900,0.8632997021739130,2.510687836956520,1.7458756239130400,1.695349056521740,1.6161867684782600,2.9430306293478300,1.5034911554347800,3.3189190434782600,1.8674435739130400,1.7864649782608700,2.188195170652170,1.4835962445652200,1.1377228304347800,1.5871902260869600,2.4075860967391300,1.826344985869570,3.04929840326087,1.6754655717391300,1.383489772826090,6.290864833695650,2.1262876141304300,1.4473438826087000,2.268557197826090,3.646693125,5.932492376086960,2.2000012082608700,4.258453822826090,2.181211141304350,2.076534831521740,4.401212732608700,4.457406697826090,2.86182082173913,2.4812303478260900,2.143738154347830,2.4320977826087000,12.85236263152170
Guizhou Province,35.256601956521700,19.00319869565220,19.217650597826100,25.750464857608700,9.158438136521740,29.042431141304300,23.116904706521700,8.05439940652174,16.338341347826100,18.226943765217400,25.07638832608700,33.45280689130440,12.601086652173900,6.867708701086960,20.030695923913000,15.872112635869600,17.57693025,27.626147217391300,15.36909098478260,12.568424184782600,29.821422326087000,10.979521963043500,10.540645923913000,14.905515228260900,15.887425030434800,10.610186380434800,7.97632777173913,24.400813402173900,18.860754913043500,20.053165441304300,11.422131847826100,24.274154445652200,9.586079021739130,22.048661739130400,18.893204510869600,14.170904413043500,15.858620814130400,14.42332702173910,9.440941108695650,12.511498304347800,19.625567673913000,13.025819934782600,30.552790558695600,13.974596608695700,20.115110152173900,42.54841848913040,16.446830380434800,10.18283840217390,22.312970804347800,31.30733680434780,38.19543965217390,17.814054404347800,48.410387021739100,16.380590673913000,12.651967858695700,31.11575986956520,34.07824953586960,28.960947293478300,20.454408000000000,21.24041468478260,27.04293586956520,77.25815148913040
Jiangxi Province,194.0856534782610,156.32444406521700,150.9261554347830,149.4983788043480,102.42988288043500,145.0530185869570,194.882857826087,116.68898015217400,122.26602883695700,118.48404766304300,193.57639043478300,119.01563706521700,111.95201543478300,77.92664135869570,106.79213445652200,118.13899108695700,109.33829315217400,189.85170913043500,147.3600644021740,111.0347804347830,167.6320972826090,105.62111501087000,136.7319335869570,139.47509445652200,120.37121510869600,119.1828247826090,115.21352054347800,182.19943858695700,126.8039406521740,170.02985282608700,162.3269641304350,122.23573992391300,94.67106456521740,142.37435641304300,121.26499141304300,117.58625119565200,63.45603489130440,167.1064350652170,73.73368858695650,136.6005913043480,126.77873184782600,117.8141879347830,218.6779656521740,127.3643618478260,167.30032989130400,174.03472076087000,179.62642760869600,149.8104107608700,178.21720565217400,169.7634097826090,159.6990120652170,165.72919402173900,229.1564993478260,113.15252445652200,106.66591434782600,188.49347217391300,164.55041970652200,174.4097165217390,169.53651489130400,181.8562206521740,170.58770510869600,259.7109583695650
Hunan Province,190.08407445652200,142.3097227173910,172.10626336956500,149.65650489130400,117.12681547826100,153.2495797826090,164.33979260869600,97.41510714130440,109.26416445652200,103.04444641304300,157.04284597826100,148.62150097826100,97.99420695652180,84.74751978260870,118.82075869565200,109.04031518478300,116.42287402173900,170.98881456521700,128.36850652173900,95.6343756521739,177.31011032608700,103.26852626087000,122.35396500000000,138.0869070652170,133.59745076087000,96.03486586956520,105.40261271739100,156.22058152173900,120.7456786956520,153.8926982608700,132.88862641304300,129.49342826087000,82.65676108695650,111.26029989130400,135.77671956521700,97.74598206521740,89.59093336956520,173.24005744565200,69.09176641304350,135.36452543478300,133.2858658695650,104.67271760869600,192.20821239130400,102.40693826087000,159.96242054347800,152.24092336956500,162.6267061956520,126.4077958695650,175.8729013043480,176.58571157608700,149.0348934782610,147.773475,249.79279695652200,89.78086565217390,93.2793554347826,168.17581663043500,155.9981303804350,164.89778478260900,160.25036576087000,161.09841423913000,180.27578543478300,258.6337131521740
Zhejiang Province,158.8619377173910,99.64429121739130,94.69908254347830,129.79584723913000,80.90535375000000,118.93684304347800,161.94652894565200,75.69995331521740,90.27091072173910,89.27382106956520,172.1471791304350,61.11884543478260,80.57567430000000,61.56715167391300,77.85384652173910,88.96775722826090,88.87692101086960,140.94212478260900,97.55318739130440,69.39323217391310,96.23561282608700,55.35061990434780,88.05018277173910,97.69898250000000,76.66733377173910,91.1302845652174,82.87628938043480,132.04074423913000,61.20476510869570,144.9007493478260,101.55155380434800,85.2211320652174,76.33081173913040,166.7150158695650,118.84586713043500,101.84631652173900,71.03196939130430,157.49250358695700,39.59352586956520,111.1824870652170,117.49009108695700,82.80641445652180,184.83977915217400,137.06241495652200,142.30378565217400,162.350722173913,172.96068130434800,129.38270380434800,130.0374097826090,142.53824230434800,133.7553313043480,141.46268918478300,224.9949179347830,75.19931510869570,80.90473402173910,171.82284260869600,187.3250735869570,143.69491418478300,116.71623489130400,146.33799945652200,116.02421510869600,261.46844706521700
Shanghai Municipality,178.31787975,111.74815203260900,111.43487083695700,157.15669069565200,97.52190026086960,144.5622306847830,178.2242761304350,78.43799915217390,101.00415204391300,98.4346196576087,202.51665195652200,65.53092198913040,104.57736860543500,74.68336432899540,106.86712519565200,94.69173824021740,97.92216880434780,179.16226532608700,94.1535465652174,63.78878347826090,115.70903461956500,56.93272089013010,107.50175217391300,116.01748389130400,102.85504757608700,98.80326782608700,97.69632613043480,129.66832858695700,57.80651409782610,183.66461021739100,97.446465,104.10135237978300,72.21381554347830,207.55013967391300,155.48896506521700,112.34688652173900,103.01095046739100,201.37543747826100,48.045695576087000,146.4040379347830,150.73102760869600,97.36479635869560,183.52468369565200,182.68727380434800,184.48070380434800,218.4189202173910,210.9448682608700,175.76547309782600,140.9294563043480,196.17441065217400,165.94763086956500,182.98388054347800,307.6463778260870,74.73833119565220,102.80804576087000,203.69694423913000,250.0174130184780,187.20598402173900,132.99694493478300,155.20605163043500,141.14845956521700,306.73469739130400
Chongqing Municipality,152.78544782608700,83.08654043478260,87.92470271739130,106.20387557608700,36.701705543478300,117.21958923913000,108.27750032608700,51.87883402173910,88.86465919565220,97.76082560869570,116.90541000000000,126.52631413043500,78.08235652173910,40.934580456521700,91.85417804347830,87.15458435869570,80.42475854347830,119.55887119565200,74.66697782608700,51.94276385869570,99.33149054347830,33.8702950173913,30.978791315217400,58.4165347826087,67.03130758695650,48.41847586956520,30.11260460869570,78.18245413043480,63.574495434782600,87.74188630434780,50.16780538043480,85.10350695652170,35.472770902173900,115.91670423913000,71.20526145652170,78.57525619565220,90.73981173913040,48.72689315217390,48.11686972826090,50.274799728260900,91.60942793478260,60.013481086956500,93.10802566304350,74.86404945652170,71.37768913043480,194.8357604347830,71.33330680434780,58.70167336956520,78.04659521739130,100.25336925,126.28980586956500,81.0582726521739,164.0119910869570,82.98357358695650,59.96680630434780,128.86935945652200,135.06963691304300,130.41754141304300,79.07470366304350,81.79245782608700,81.21619076086960,263.3271172826090
Hubei Province,190.55681217391300,119.45225347826100,108.3396570652170,130.0031941304350,81.31013510869570,166.73373195652200,173.15618576087000,89.97826304347830,97.18337739130440,98.8738906304348,152.25115402173900,129.31979380434800,98.86880934782610,81.61451804347830,104.96653630434800,103.21710984782600,102.67338423913000,170.1779664130440,116.36247032608700,50.615832913043500,150.97193217391300,57.02432243478260,71.66962291304350,103.64504184782600,106.20938083695700,78.36555130434780,64.11592144565220,151.4570204347830,74.16829663043480,141.70282923913000,97.0482922826087,108.61240108695700,65.64272086956520,139.48311130434800,117.67030141304300,89.11560717391310,100.31610130434800,126.96965902173900,75.88596423913040,119.42388097826100,139.22637652173900,117.60646989130400,136.4353552173910,101.05508934782600,140.65485065217400,155.06381152173900,110.50237467391300,90.77071304347830,144.0173856521740,137.72021869565200,109.31126184782600,151.6871064130440,227.7798075,77.62254945652170,83.04123423913040,146.22367695652200,148.92562252173900,174.3269527173910,157.57982608695700,109.80674608695700,127.7098239130440,256.13138152173900
Sichuan Province,95.64018456521740,56.83907250000000,63.94444826086960,67.17865685869570,25.28425010543480,76.00349641304350,80.5078411630435,38.63280472826090,67.03462467391300,74.18044623913040,71.20776032608700,91.94259326086960,53.376492032608700,29.056118967391300,63.53482235869570,58.41082418478260,57.55883380434780,82.52615836956520,52.56700767391310,33.9114876847826,58.9316977173913,20.65283526521740,17.453316717391300,38.06372308695650,45.606342061956500,33.942166141304400,19.436711086956500,46.931635271739100,38.03902972826090,52.853403130434800,35.50271380434780,52.74620745652170,25.694268554347800,90.28052276086950,47.71014466304350,61.64041402173910,69.5771024673913,33.37871556521740,33.26467656521740,41.88825909782610,72.34862067391310,52.95480769565220,58.80199323913040,52.17838669565220,44.34343434782610,149.14869260869600,57.80697260869570,45.083023630434800,49.40083369565220,68.41217533695650,91.88654282608700,58.55244505434780,107.44330010869600,60.44784456521740,48.86172547826090,102.33054880434800,105.70434094565200,93.53150902173910,57.305968239130400,57.65825739130440,61.52112361956520,211.9949589130440
Anhui Province,198.14828673913000,122.61370754347800,103.63782228260900,170.75943880434800,93.07883445652170,209.7321622826090,231.6222136956520,102.3391702173910,117.48192358695700,99.38175456521740,180.44802880434800,93.528675,124.0464306521740,84.07819076086960,101.65649478260900,116.48271913043500,110.34406663043500,202.4229179347830,130.91867021739100,52.38334936956520,136.44640369565200,58.37461336956520,94.42222023913040,110.16270293478300,106.67822233695700,88.59192847826090,70.81029782608700,151.56422902173900,61.98968690217390,158.15775423913000,102.8465706521740,108.94833195652200,72.41828184782610,206.35278260869600,131.9266154347830,120.69886891304300,123.0148027173910,153.8710581521740,78.53328684782610,131.5127866304350,144.79943869565200,140.45060250000000,132.69982108695700,140.60748423913000,156.33509673913000,171.1554456521740,133.88619717391300,96.47683434782610,134.55667858695700,172.72844804347800,113.48652130434800,169.78115739130400,261.33011217391300,80.00356402173910,83.61233804347830,172.84813826087000,187.29453130434800,197.68167880434800,151.76454065217400,131.8134570652170,135.6505845652170,292.93813369565200
Jiangsu Province,171.3209615217390,104.37799382608700,97.97612086956520,156.88363304347800,82.4036272826087,166.3061165217390,186.28125750000000,75.29342967391300,100.40663514130400,84.92710372826090,176.5993460869570,66.22855170652170,106.7016585326090,68.70748871739130,93.98796750000000,93.89707875000000,93.50346658695650,179.11421608695700,97.204815,49.33314176086960,109.6515675,49.24619608695650,96.53479933695650,98.72729550000000,94.4693736847826,84.39789179347830,76.09275195652170,126.08459510869600,52.08023788043480,156.88001739130400,87.48369195652170,95.7883844347826,61.13807902173910,200.2650035869570,132.94026508695700,107.40416282608700,105.78601663043500,162.6703483695650,53.76084016304350,127.61062141304300,132.55390956521700,110.93772326087000,135.98872855434800,152.4833266304350,154.51051695652200,176.82677021739100,156.14492478260900,122.25808663043500,121.05768521739100,177.21151141304300,123.19067543478300,159.2824402173910,267.9490066304350,72.63094832608700,89.95040119565220,181.00026782608700,213.40214315217400,191.48759510869600,131.3145547826090,136.45480402173900,129.82942369565200,286.2514467391300
Henan Province,159.17529423913000,103.80130630434800,94.61930576086960,121.27284097826100,101.72669673913000,193.33025217391300,190.43914304347800,112.25755663043500,103.61313097826100,78.3080775,120.27411391304300,97.11998413043480,91.7422327173913,77.90977369565220,85.53353673913040,68.47192565217390,90.23821239130430,127.28517554347800,104.86728684782600,41.27461128586960,111.20123641304300,39.76960744565220,54.423329869565200,59.622517173913000,82.72369760869570,82.99649739130440,55.72217885869570,103.98498945652200,47.068057663043500,90.85608880434790,76.74258521739130,89.74115902173910,56.330325978260900,134.32925347826100,81.68697684782610,92.28566152173910,123.32119793478300,102.98384315217400,80.1496154347826,85.27659652173910,102.77386532608700,128.57032369565200,78.64754869565220,90.33446934782610,120.71599336956500,110.87581891304300,74.42995597826090,55.03244282608700,100.49423184782600,129.97812521739100,97.54226217391300,121.42624695652200,198.78250597826100,82.40712456521740,76.41831326086960,129.86704760869600,153.4043406521740,183.1427608695650,153.21550108695700,103.28736717391300,125.57167043478300,233.43938315217400
Tibet Autonomous Region,20.779802608695700,12.825297097826100,13.755180521739100,16.898799326087000,11.177046489130400,15.847579858695700,16.44494302173910,10.975334967391300,14.938652836956500,14.133635217391300,11.712727760869600,18.766045565217400,14.988109891304300,12.39403275,16.71956638043480,11.457186847826100,13.35821204347830,11.658156163043500,14.521687043478300,16.006066923913000,21.19276858695650,19.795305032608700,23.963443239130400,13.658398043478300,16.08614902173910,19.76697,17.55493170652170,17.394848315217400,17.94248422826090,16.507340706521700,16.720949543478300,15.042489750000000,18.76555252173910,20.126292065217400,20.010924782608700,16.120873467391300,16.062372978260900,21.185855217391300,17.624008369565200,16.49875989130440,18.458096282608700,17.24738938043480,20.353237239130400,15.773868880434800,27.227059239130400,26.637408195652200,21.752007358695700,17.61203964130440,28.916825869565200,26.36978576086960,18.416325228260900,24.78458983695650,22.372003760869600,22.909489826087000,20.639641695652200,19.8511102173913,19.872194869565200,23.915397228260900,25.035117065217400,24.153274565217400,26.76388793478260,30.085174565217400
Shandong Province,97.84995945652180,56.36111184782610,60.588401086956500,71.58122119565220,64.9175204347826,119.55383315217400,121.48833326087000,84.8830147826087,57.03461608695650,40.30097967391300,72.92309380434780,58.757535,64.12460380434780,35.51341891304350,51.750108097826100,34.37946684782610,55.35453913043480,82.36093695652170,60.92133260869560,28.603809665217400,67.59419673913040,27.242130326087000,58.39463739130430,34.29772923913040,57.114182934782600,50.17916191304350,45.29861902173910,63.849077608695600,37.79167597826090,56.734208413043500,47.25281054347830,66.340485,23.901355956521700,107.19041184782600,46.754998434782600,62.19107902173910,119.9662972826090,76.13148130434780,66.01842586956520,83.53200717391300,61.15278228260870,95.51841945652170,45.655144239130400,54.89738804347830,93.59731467391310,70.32895043478260,51.58149652173910,36.954597032608700,67.3300575,99.5687745652174,63.23699739130430,79.7740131521739,130.357665,59.16838206521740,67.38268108695650,96.08166293478260,119.79430043478300,153.45349336956500,114.6860354347830,73.49096739130440,83.93497434782610,144.06039586956500
Qinghai Province,0.0,0.0,0.0,0.0,0.0,0.0,0.0,0.0,0.0,0.0,0.0,0.0,0.0,0.0,0.0,0.0,0.0,0.0,0.0,0.0,0.0,0.0,0.0,0.0,0.0,4.83809732608696E-05,0.0,0.0,0.0,0.0,0.0,0.0,0.0,0.0,0.0,0.0,2.36481026086957E-07,0.0,0.0026088981847826100,0.2730300456521740,3.30927476086957E-05,0.0,0.0,0.0,3.45031972826087E-05,0.0,0.0,0.0,0.0,0.17370711195652200,0.0,0.0,0.0,0.0,1.0189222826087E-08,0.0005953284391304350,0.07127568097826090,3.34667025E-05,0.0,0.0,8.36875467391304E-05,4.01463919565217E-06
Ningxia Ningxia Hui Autonomous Region,0.5186611536847830,0.0006408117,0.0009529695107608700,0.2640596722826090,0.13242347608695700,0.46035014184782600,0.5433939838858700,0.007392990326086960,1.0574176304347800,0.07868567699481520,7.485337306565220,1.0297957372826100,0.5247064721739130,0.08817711907108700,1.3902621024521700,0.05179479456521740,0.15119178346956500,0.08927571127891300,6.05727782608696E-05,1.1101912826087000,3.082929865336960,0.1320207860061940,0.16222670863043500,0.010499975217391300,0.49253234925717400,0.19508336315217400,0.15145042500000000,0.4068927110878040,0.19195444565217400,0.35040573097826100,4.015599951521740,0.0038839734782608700,0.00012174422282608700,0.9449773425293480,0.18669054130434800,0.3513225288303590,4.857825727173910,1.4241499239130400,5.061613441304350,12.915274891304300,5.284409559304890,4.791006132065220,1.0514150947173900,0.4168466344565220,9.26546447152174,3.488452532608700,0.2343240620872830,4.033688330543480,0.3704779731521740,7.931637322826090,3.312499695652170,0.18469544253260900,2.8366989847826100,5.40773005934837,5.062863389673910,5.041874263400220,10.860742570108700,6.278793798913040,0.6594168906146740,1.0555808693478300,10.079392940706500,8.240047043478260
Shaanxi Province,27.63678580434780,20.157406239130400,17.44016556521740,17.692627695652200,10.16409756521740,33.87572266304350,34.549531630434800,21.375757760869600,26.471665271739100,16.655290434782600,34.43224729891310,27.7549875,19.253904456521700,12.944994456521700,14.058572869565200,10.186746984782600,15.903961141304300,14.027163652173900,18.254647173913000,6.617669771739130,23.996372086956500,5.269681858695650,2.452607461956520,3.5198623760869600,15.367286445652200,10.276306043478300,4.833502307608700,13.968484826087000,7.752429665217390,10.225621076087000,16.548133108695600,14.128431065217400,4.195780923913040,20.881244934782600,22.263452804347800,10.294158423913000,30.673294141304300,11.217401638043500,11.271837071739100,17.061328819565200,23.064288358695700,27.266409097826100,12.503417086956500,15.803487,23.36096817391300,28.762505119565200,4.8479241521739100,7.362395510869570,14.27386395326090,23.287056358695700,13.651781967391300,13.527011641304300,27.26791630434780,22.349371500000000,11.703996792391300,30.76108141304350,43.914755543478300,32.53986586956520,13.691584467391300,8.428067217391300,17.021355945652200,54.991235543478300
Tianjin Municipality,74.56052250000000,59.389679347826100,76.98390260869560,42.58534891304350,57.8575095652174,44.15960768478260,50.992680326087000,72.69857902173910,23.04701227173910,21.61593244565220,39.332813478260900,88.92491282608700,41.04552472826090,27.72494354347830,54.62513315217390,15.340942858695700,25.71531388043480,55.378452717391300,29.102370847826100,37.73263548913040,77.18261869565220,32.223112336956500,66.5978722826087,45.87171123913040,32.05253768478260,19.38177763043480,38.70709190217390,50.94125021739130,47.713227065217400,39.277712543478300,49.647665543478300,41.28724017391300,17.061267032608700,100.59921489130400,23.647548032608700,34.6449899347826,144.51592695652200,68.72555445652170,116.53990923913000,142.4499661956520,83.00923826086960,76.51831793478260,45.04252108695650,43.30596032608700,98.47699141304350,66.14511065217390,61.93108467391310,64.30642601086960,78.42756913043480,86.6301795,73.55342543478260,62.29385461956520,101.47730282608700,92.2161179347826,75.49359554347830,87.94799413043480,137.65387695652200,168.19897989130400,105.8627093478260,85.00312760869570,56.85630456521740,116.53822369565200
Shanxi Province,44.370388858695700,26.92351154347830,35.6398050326087,27.979799673913000,37.23432016304350,44.14709347826090,44.520255,39.2659701847826,25.040874619565200,20.91749282608700,33.95982932608700,40.93627891304350,21.739308260869600,18.330874923913000,27.242224728260900,9.164356630434780,14.80590733695650,30.71619489130440,24.14891347826090,18.913312545652200,34.63146489130440,9.7876125,15.057889923913000,15.537799271739100,24.398257500000000,20.723305793478300,19.23586640217390,20.152896652173900,15.082816989130400,19.400129217391300,22.953972032608700,29.140568706521700,13.496492934782600,36.76133015217390,21.282042423913000,23.27665695652170,60.96621815217390,38.45553984782610,38.01564616304350,37.73597302173910,38.70060456521740,49.38236902173910,19.834550413043500,22.257596739130400,55.11601858695650,34.797398478260900,25.229840869565200,19.61008982608700,42.38651885869570,49.76672380434780,35.792402673913000,31.507012858695600,49.90869097826090,34.90645040217390,30.1586497826087,38.71463086956520,64.76467108695650,70.95032902173910,55.26827217391300,28.0330027826087,40.81045548913040,65.65546760869570
Beijing Municipality,35.66628880434780,21.585859826087000,30.92278206521740,15.883166543478300,27.59071402173910,14.856200902173900,15.661332000000000,30.480813391304400,7.168594304347830,7.105244380434780,14.003444054347800,47.10031659782610,10.584642815217400,8.879325260869570,21.22138095652170,4.046892945652170,6.443840443695650,14.440147826087000,7.528685791304350,10.260400754347800,34.41355757608700,6.859474630434780,21.946434945652200,15.16759708695650,5.704726715217390,4.74609843097826,9.933043394347830,13.002927652173900,12.960085500000000,7.144112445652170,13.513944179347800,13.088505179347800,6.228111580434780,31.17125866304350,6.982055432608700,7.658398663043480,51.520469967391300,18.791936119565200,58.711275293478300,74.505798,31.513005000000000,36.780662543478300,16.091360315217400,13.689008804347800,38.95714663043480,18.07055011956520,18.498482510869600,20.61679558695650,29.772495489130400,45.62093377173910,18.79825304347830,18.905930217391300,30.80129527173910,36.5992529673913,26.397960945652200,36.45154956521740,50.2786335326087,68.6153504347826,39.96641445652170,30.68756510869570,13.162144891304300,42.86842190217390
Gansu Province,0.5486957217391310,0.5692769608695650,0.32442426000000000,0.38453876051087000,0.17328285489130400,0.7867312336956520,0.2622804098478260,0.14095399010869600,0.4426537108695650,0.28873132102173900,0.7299515778260870,0.7587707576086960,0.2846291938043480,0.38223189782608700,0.5267223765,0.05144956923913040,0.2647130889130440,0.35840183086956500,0.12048844138043500,0.3488858048152170,0.7290607832608700,0.20893741532608700,0.13827405913043500,0.07727712065217390,0.3322656557608700,0.7902056426086960,0.21113062708695600,0.617005125,0.15685338032608700,0.2853530148913040,1.047467586521740,0.1550721502173910,0.040672064778260900,0.9316015395652170,0.43843941586956500,0.30627528260869600,1.2945360423913000,0.4151195491304350,2.4793364250000000,4.5283849963043500,1.5207175076087000,1.1157613239130400,0.21536414608695700,0.4826925782608700,1.3819636369565200,1.461396179347830,0.47216021086956500,0.9159014250000000,0.6660250532608700,3.759998820652170,1.629472529347830,0.5082977445652170,0.8432442391304350,0.9680930843478260,1.7605379739130400,3.6919332293478300,5.133290233695650,1.8333903423913000,0.565817643097826,0.8048194434782610,2.4668772750000000,4.327560391304350
Hebei Province,76.37382195652170,55.65878706521740,71.85811989130440,46.86328663043480,67.26128380434780,58.6425502173913,61.18932619565220,78.75530168478260,31.759892608695700,30.637047130434800,44.165196586956500,81.54135195652170,40.43147625,29.20434163043480,53.86421934782610,17.067553434782600,28.060381173913000,56.926614619565200,34.004453184782600,38.04928336956520,66.69602364130440,27.446747282608700,54.42991532608700,40.41445940217390,39.54401706521740,30.799988804347800,40.10627377173910,44.54329353260870,38.31038119565220,35.49976884782610,43.371131086956500,49.8667402173913,21.025496739130400,84.9773925,27.175582173913000,38.97781923913040,129.4542029347830,73.58489804347830,93.16485195652180,108.42988695652200,70.88791206521740,79.32746836956520,39.69755608695650,40.335763695652200,95.89022608695650,60.877153369565200,54.09675489130440,48.077033478260900,73.72102108695650,86.88674445652170,67.08986021739130,57.91149880434780,89.87298652173910,71.99461760869570,64.9483943478261,76.4219797826087,114.02550782608700,143.9552347826090,101.58584869565200,67.0855822826087,60.944033152173900,104.15827858695700
Liaoning Province,6.549990505434780,3.4834438956521700,3.4319070586956500,3.2090849608695700,3.854178997826090,4.2814281613205,9.197186875434780,5.744099783641310,1.1077345438043500,1.644088529347830,1.2516152214130400,7.677817043478260,4.086139465076090,1.6215436369565200,1.5999975978260900,0.2700078554347830,1.8644171086956500,5.030845826086960,1.01085345,0.3197171739130440,11.279553715760900,8.326699366304350,6.993260706521740,4.282905893478260,0.09448708695652180,0.1356615156521740,1.647461633419570,11.595757255434800,5.117668982608700,1.7511356494565200,2.490468554347830,2.481982301347830,0.0,21.71202525,0.1760564100326090,0.2914579731521740,25.863363391304300,1.4131051483695700,20.402932989130400,32.188618076087000,8.948864797826090,11.305818963587000,0.1821348782608700,9.979220152173910,7.476649252826090,3.2826465133630400,5.675647539130440,3.048481936956520,5.867987820652170,3.3494730652173900,1.388513025,1.23542865,9.756331636304350,6.024049141304350,5.2677320869565200,16.452222554347800,23.215344554347800,41.94801117391310,15.779799446087000,11.915822582608700,12.118906198369600,11.607279026087000
Jilin Province,1.8642099482608700,2.6307012423913000,1.536674527173910,2.722670217391300,2.5253835114130400,1.2218685358695700,1.6664603135869600,3.5449858663043500,0.06136230228260870,2.4120970434782600,0.07940428923913040,3.9987383949782600,3.3112729076087000,1.9697073889891300,0.6810277402173910,0.3399729065217390,2.6572700543478300,5.0545766543478300,1.3897542169565200,3.186943224456520,5.636020998913040,12.514226625,0.8721370760869570,2.3708268880434800,0.16911840717391300,0.10423750108695700,0.3862981956521740,8.069221408695650,4.060046426086960,0.2780951801086960,0.3813316299782610,1.6757187838043500,0.011107960434782600,10.457888223913000,1.4017423437684800,0.34224487476847800,20.68007419565220,0.22180574054347800,10.394687543478300,19.437826891304300,10.957434172826100,3.015571424673910,0.5560501108695650,6.495504841956520,3.007072526086960,0.9924082366304350,9.625652872826090,3.6985295934782600,1.3214292789130400,8.28893347826087,3.146310714130440,1.130356866521740,2.2430221023913000,3.7630396369565200,3.0831057195652200,10.996047299347800,12.019274951087000,19.387553282608700,4.940488144565220,7.821915622826090,13.105219367680400,4.165945610869570
Xinjiang Uyghur Autonomous Region,13.117711597826100,19.253167141304300,14.621693184782600,12.176883489130400,18.885117619565200,18.934986913043500,11.508304597826100,17.34126720652170,11.787572836956500,10.924061282608700,16.65687707608700,10.219153206521700,21.539236206521700,22.699495173913000,19.85486595652170,10.380267,19.393989260869600,27.038456413043500,15.08182327173910,18.314535619565200,16.30598315869570,18.986722239130400,17.764479,15.966207000000000,16.384343282608700,21.795313989130400,15.429110380434800,16.220959239130400,8.867194728260870,15.205543923913000,14.103670695652200,9.512629728260870,5.389696809782610,17.722802934782600,13.542480782608700,14.583574173913000,23.377920260869600,17.931891717391300,18.540208076087000,21.417702358695700,24.61616510869570,21.631090108695700,12.364308000000000,21.440483804347800,20.30662408695650,25.584716739130400,22.49586293478260,28.151898260869600,13.23743781521740,23.29489222826090,23.550938706521700,16.727567282608700,21.62880195652170,19.77823927173910,39.07673608695650,30.708313239130400,29.195771380434800,28.54199210869570,26.90463756521740,14.432345608695700,30.558045619565200,40.26058434782610
Inner Mongolia Autonomous Region,3.047651608695650,1.7091707282608700,1.3582439804347800,1.9959854576087000,1.7678634358695700,1.540035841304350,2.1040654372826100,3.5198309347826100,0.5142944396739130,1.6095053054347800,4.144582182717390,5.728147141304350,1.8732839967391300,1.6798400119565200,2.0842035260869600,0.33778872019565200,1.5614032428587000,2.4056742228260900,0.9546741000000000,3.4262158010869600,5.843425754347830,5.334673167391300,1.6634954054347800,2.1825209885869600,0.5449999304347830,0.5099361652173910,1.2038207605434800,4.9769909510869600,1.987666131521740,0.6062958616304350,2.7709681891304300,1.2008748365217400,0.08582797594565220,5.0116762173913000,1.2239547319565200,0.4631272698913040,12.141723815217400,1.4006033178260900,12.328983391304300,19.258633760869600,11.431859996739100,5.047348079347830,0.9512144070652170,5.191450023913040,7.8902301521739100,2.611181729347830,6.691663105434780,5.082562310869570,2.328104925,12.472186490217400,3.729864091304350,1.0925467532608700,2.647142872826090,4.404861939130440,2.9626655771739100,9.907648449456520,14.50566322826090,12.572556358695700,3.7010990250000000,5.982747094565220,6.51526275326087,6.118065195652170
Heilongjiang Province,1.0637316645652200,0.4679682681521740,0.8069356936956520,1.328473222826090,2.0072493540978300,0.33555679434782600,0.274086808923913,2.6453723507608700,0.2161984597826090,1.5598337155434800,0.025344483260869600,1.350361221588590,3.600755452173910,1.8377542467391300,0.29938117989130400,0.9437483641304350,3.2228917557065200,3.606052304347830,0.9283174963043480,5.686858042826090,3.4573461945652200,16.824439711956500,0.18784075695652200,0.8028988175543480,0.3329111055619570,0.07634867282608700,0.31676274489130400,5.98451122173913,5.305449836739130,0.29141549021739100,0.23166566122500000,1.4358708821739100,0.008250518152173910,4.5201096195652200,2.2112575826087000,0.5052822065217390,13.112049179347800,0.11510454130434800,12.332321872826100,17.05658683695650,13.09715893369570,1.7964417105000000,0.6286579826086960,5.2788485377173900,1.6615520217391300,1.7984683076087000,4.66133568847826,4.576680195652170,0.6164754701086960,13.654529823913000,4.355236927173910,2.3116566815217400,0.7945252464130440,2.9486288582608700,2.6445687652173900,6.287588706521740,9.090552933586960,7.8314625978260900,1.701150270652170,5.218362958695650,13.967882993152200,2.644816732826090
Macau Special Administrative Region,0.0,0.0,0.0,0.0,0.0,0.0,0.0,0.0,0.0,0.0,0.0,0.0,0.0,0.0,0.0,0.0,0.0,0.0,0.0,0.0,0.0,0.0,0.0,0.0,0.0,0.0,0.0,0.0,0.0,0.0,0.0,0.0,0.0,0.0,0.0,0.0,0.0,0.0,0.0,0.0,0.0,0.0,0.0,0.0,0.0,0.0,0.0,0.0,0.0,0.0,0.0,0.0,0.0,0.0,0.0,0.0,0.0,0.0,0.0,0.0,0.0,0.0
Hong Kong Special Administrative Region,0.0032606965760869600,0.003809998506521740,0.0029848266195652200,0.0030171684130434800,0.002563964755434780,0.002683103233695650,0.003812400489130440,0.00306555217826087,0.003123956641304350,0.003216849945652170,0.0031232024315217400,0.003019248195652170,0.002270867634782610,0.0029242780826087000,0.0024232845032608700,0.002571737380434780,0.003532823510869570,0.0033342229956521700,0.0032269889739130400,0.003876789717391300,0.0031553983663043500,0.003192806484782610,0.004095353641304350,0.003394007608695650,0.002658188739130440,0.0036447856043478300,0.0036814157608695700,0.003464479633695650,0.003931562602173910,0.004387803847826090,0.003940582010869570,0.0036206559782608700,0.004109304130434780,0.003032507416304350,0.003352024438043480,0.0043487147934782600,0.0028518239347826100,0.004772993576086960,0.004363192760869570,0.0043213095,0.003758079952173910,0.004629922826086960,0.004644998413043480,0.004403766619565220,0.003885648945652170,0.004160262560869570,0.004404514891304350,0.003110401623913040,0.004488983373913040,0.004046789210869570,0.004665250467391300,0.004172680076086960,0.003686950956521740,0.005261462413043480,0.005153633021739130,0.004621323619565220,0.004560028239130440,0.003650724293478260,0.004237860717391310,0.005007389282608700,0.004319559000000000,0.004451829554347830
Guangzhou Province,127.64157456521700,144.75885847826100,116.29765173913000,113.43600097826100,93.90902967391300,104.39170092391300,145.91333739130400,114.88367054347800,123.80217554347800,119.40525782608700,108.85964380434800,112.72512130434800,84.88934902173910,101.69912152173900,96.31141239130430,88.79007423913040,132.46155684782600,124.27353684782600,124.44973239130400,142.81193347826100,121.42634967391300,123.76819173913000,154.32949663043500,125.90252902173900,103.99378108695700,130.36195956521700,132.1844654347830,130.44394565217400,150.4134547826090,170.83093108695700,142.5700956521740,132.20659858695700,148.73602597826100,97.30710391304350,120.08849967391300,142.9618725,96.76281815217390,185.6149679347830,148.4625825,164.1595275,133.58744510869600,149.48512239130400,186.16147141304300,158.05762434782600,152.87945967391300,159.27217141304300,181.2751385869570,129.87473184782600,177.22250510869600,163.1957429347830,186.39807554347800,162.2846445652170,140.46748826087000,197.56625576087000,185.77026684782600,187.57583608695700,173.4610275,145.6932590217390,180.0304786956520,217.59616956521700,189.0100486956520,182.37188543478300