Province,mu0_est,sigma0_est,alpha_GMST_est,disp_est,event_magnitude_est,return_period_est,PR_est,dI_abs_est,dI_rel_est,aic_est,n_est,mu0_2.5%,sigma0_2.5%,alpha_GMST_2.5%,disp_2.5%,event_magnitude_2.5%,return_period_2.5%,PR_2.5%,dI_abs_2.5%,dI_rel_2.5%,aic_2.5%,n_2.5%,mu0_97.5%,sigma0_97.5%,alpha_GMST_97.5%,disp_97.5%,event_magnitude_97.5%,return_period_97.5%,PR_97.5%,dI_abs_97.5%,dI_rel_97.5%,aic_97.5%,n_97.5%
Anhui Province,4.81005506793304,0.343881675295321,0.229317045943655,0.0683050418876057,301.530983774839,40.1029239491583,8.6620303568074,72.5377809383024,31.6768271021924,656.421358715397,62,4.66505265767639,0.273894058680246,-0.0448520765562966,0.0537627124030082,301.530983774839,13.6086111968931,0.632326870482338,-16.6744113760858,-5.23980064126733,627.189452776493,1000,4.94319893500485,0.393781288313786,0.502622036498702,0.0786643061773796,301.530983774839,275.543564559339,311.809083191641,136.567138112731,82.7861024174115,676.673563372075,0
Beijing Municipality,2.57220558176641,0.653252216950374,1.12410743416754,0.17788030159253,49.1917795871042,2.73045208972893,45.5120601418987,36.4256235838343,285.329613507027,499.048867230246,62,2.28523066540363,0.552814532946155,0.663102841611379,0.147195360821967,49.1917795871042,1.8600297761603,8.22164766656783,26.9937567031411,121.604376296568,466.117780452658,1000,2.82456964005537,0.723882878533798,1.60709852476903,0.203996581029453,49.1917795871042,4.79348852267184,901.398680488313,42.0410909806444,587.931163157367,522.261548804987,0
Chongqing Municipality,4.36060587911543,0.421786785139595,0.277055758673906,0.0910637617764141,281.40622100039,118.671045034249,11.3697142159833,79.5950745864607,39.4403758171046,628.174416688441,62,4.17260978204157,0.344655938206048,-0.080487429042785,0.0753008843220337,281.40622100039,25.563590510378,0.454467902258914,-28.5354658464736,-9.20671969982765,600.307890604801,1000,4.51692599504951,0.482786745244877,0.632251052677874,0.103515220593783,281.40622100039,3424.60194593212,296.051810583316,149.63094867593,113.550096673169,647.445446417207,0
Fujian Province,3.97200079529809,0.257057422323908,0.672853729562869,0.055513289834116,134.50445397992,6.8563432430965,10710.1360883383,74.5147565419916,124.21258936852,536.51961160016,62,3.87391588708495,0.196238521904716,0.4927551923393,0.042617338292774,134.50445397992,3.65819539496218,341.143235610422,60.0422929903322,80.6346393687722,505.409222188124,1000,4.06499367046375,0.312397133184477,0.852362696799313,0.068298224649062,134.50445397992,18.3118491834628,6221745.79703258,86.1401470255123,178.106859567986,558.9029768843,0
Gansu Province,-1.43630255875428,0.87093153896979,2.20388258332555,1.20837220924566,2.87932310384668,2.8613826620064,1129.83733629298,2.67480604034088,1307.86448548095,86.5826248925393,62,-1.76923657293951,0.705984158663481,1.60523169905657,0.738736726235652,2.87932310384668,1.85861438727842,170.407155414713,2.45983608612498,586.39161336638,47.6954763991386,1000,-1.15777791665135,1.00935594298039,2.790787366021,3.12431466742258,2.87932310384668,6.00307909407999,36806.6783240712,2.77819717302228,2747.27005088832,120.914230347639,0
Guangxi Zhuang Autonomous Region,4.61955416079593,0.184423182694061,0.340259096071147,0.0372377788916217,151.056757121977,2.76165123378478,70.5634850051702,50.6384305792492,50.4274790495564,560.564888443186,62,4.54740731119814,0.144159743720302,0.207331634415248,0.0287962661679903,151.056757121977,1.78315200028209,11.5084703083201,33.272138365444,28.2482911083064,532.31405253062,1000,4.68185149895532,0.214571057020533,0.475203615391146,0.0435448994789162,151.056757121977,4.98810846867477,1123.38121292585,65.6511884655344,76.869916469257,577.742195636917,0
Guangzhou Province,4.86629957190914,0.135025976183002,0.551207735760767,0.0249780090079682,207.734766752807,1.43532313653519,119436.950939656,100.522269227115,93.7598428793492,562.059341165625,62,4.81239951165088,0.105795299599339,0.451973713832486,0.0195076492299594,207.734766752807,1.13506662766741,3547.65846701359,86.964057195621,72.0076200235727,532.000463254595,1000,4.91637581261872,0.157459707131391,0.663017625614616,0.0292379609262367,207.734766752807,1.99621959203829,136116072.453133,113.98389292543,121.581699277459,580.034651476282,0
Guizhou Province,1.31380417934925,0.721142183916928,0.885464473928155,0.330730499127836,38.2678204090622,47.2556395377551,92.2618745753145,25.0435742341698,189.376195081104,344.44797296276,62,1.01314358852269,0.587949357664313,0.332399773554154,0.256695484471095,38.2678204090622,14.0847465953396,6.05272692375696,12.5873117644752,49.0158324730735,310.503266097159,1000,1.5737903168546,0.823641654971668,1.50174786655003,0.411373824400473,38.2678204090622,521.768944243934,4803.66507035459,31.9554457705166,506.23497356770997,367.334374197815,0
Hainan Province,4.89746903082565,0.142511275703111,0.551952334395547,0.0262080427407235,219.746447798854,1.60130673848595,83898.7039939403,106.435978124573,93.9330482262843,572.648519012015,62,4.84062918170157,0.1107699472559,0.419742429416995,0.0202527861356675,219.746447798854,1.21199780429206,1166.39034381764,86.9545190869288,65.4817806939158,541.231027833291,1000,4.96224706988479,0.170276566408534,0.674626532813002,0.031515928964311,219.746447798854,2.53238510234728,944211180.258019,121.946647757034,124.69007888888,595.24963286405,0
Hebei Province,3.89290977326447,0.378329448159483,0.572685637600342,0.0849524516173003,108.445302668832,3.71541808349546,35.8347199957439,53.9004603674814,98.8186198608678,570.093589612708,62,3.7222682055922802,0.314887806958223,0.303927144426228,0.0703171037189736,108.445302668832,2.26928136230246,6.95272202974729,33.1412617413,44.0100668247453,544.141635633307,1000,4.03362802986401,0.425515252237192,0.869970055736779,0.0958448288258457,108.445302668832,8.46841685879046,524.555767353639,70.2664274913713,184.045590616671,587.001993012525,0
Heilongjiang Province,-0.398837536203014,1.45758334320162,2.12048803912947,0.869373576134969,2.60306190553992,1.45072194939447,6.54547241518163,2.39870703579525,1173.7948984491,275.304786687053,62,-0.958761037521332,1.12007140964528,1.28234531171496,0.601904472675996,2.60306190553992,1.216896744188,3.11061846361536,2.04435216032504,365.906673217308,224.517928974144,1000,0.131994742490999,1.76913456572395,3.06550164778509,1.35150601910037,2.60306190553992,1.82868134388719,18.7279757724386,2.53731308288085,3859.10084144009,313.281994334552,0
Henan Province,4.51352825050273,0.365650597063111,0.238788507232516,0.0770237869822681,241.022702729914,45.8105778760066,8.57026661321682,60.0502323093914,33.1819708101756,627.6933120203,62,4.35834620958251,0.288535820046996,-0.0571321740785246,0.0602279009274725,241.022702729914,15.0021625406926,0.557665200265309,-17.1039606178521,-6.62606465259546,598.032092327729,1000,4.64585556678754,0.426972092501167,0.532345449691193,0.0902930428426271,241.022702729914,461.040538805084,291.331692264687,113.78250870183,89.4234008723903,647.28129016916,0
Hong Kong Special Administrative Region,-5.77863350800799,0.132879551381624,0.462655085455721,-0.024950112086269,0.00445182955434783,1.33759017050061,3350.82371055797,0.00189663326841009,74.2265194595033,-763.909553216484,62,-5.83072905244116,0.108921121385251,0.3590035710934,-0.0283351788252579,0.00445182955434783,1.09487705684067,330.127035829478,0.00155819883147261,53.8496194669997,-787.915325145821,500,-5.7246820212072,0.151773424033844,0.568430586708735,-0.0205071461801492,0.00445182955434783,1.81340573819689,182985.131853718,0.00220121747574861,97.8067729601166,-748.017313675523,0
Hubei Province,4.7058260816592,0.314738256237251,0.262329777111821,0.0634222861675817,272.689230344523,49.753819638167,17.6768787743389,73.6430093913028,36.9979440145263,634.012610361917,62,4.57636048668995,0.252570878402211,0.0216893730475872,0.0507586336832109,272.689230344523,15.3896123562354,1.30857723684815,7.00577436881963,2.63689514509838,606.122108403413,1000,4.8163787394302,0.363982503138648,0.49706594987971,0.0731684096446014,272.689230344523,434.51244228597,589.426849737171,122.506337616413,81.5714982664727,652.760390147586,0
Hunan Province,4.89290648663683,0.253898825693133,0.234057612991968,0.0495703439340056,278.939155162317,44.4543765439497,24.1269261457758,68.3046263801304,32.4280291436752,629.292563362699,62,4.80211633266783,0.203825150953988,0.0378101968324093,0.0393719197470995,278.939155162317,13.6579461630672,1.62800982531478,12.3732572134933,4.64173487569502,602.053659389528,1000,4.97696392369791,0.295677666025457,0.434743842823343,0.0575845365539253,278.939155162317,361.771377526747,1137.20086563911,113.384550776131,68.487709900621,647.948049031313,0
Inner Mongolia Autonomous Region,0.462642605371326,0.923905053927078,1.41072922175255,0.501197827400468,5.26625155964801,1.72976229224206,11.3355445327427,4.29731509348181,443.508449061167,293.429840669202,62,0.124294999779392,0.720963442717968,0.855170165326065,0.368680838624643,5.26625155964801,1.35550106828406,4.65251132604102,3.3790130923051,179.045369833918,257.673900811108,1000,0.760293586485929,1.0776162885605,2.00223866264637,0.675054537395885,5.26625155964801,2.4562336179147,39.2568219116589,4.78978833359826,1005.28603912778,322.938816369024,0
Jiangsu Province,4.55303172528539,0.39430487866333,0.444324259819091,0.0790520581697777,287.567304097115,22.8301699431032,39.63250574844,118.842700324539,70.4359042293131,651.261082865312,62,4.38985905047751,0.316845554851138,0.129391093204869,0.0627501443145981,287.567304097115,9.61283710732631,3.08166663910489,41.3565715944205,16.7972681042463,621.859755137549,1000,4.69932620964943,0.450310605839154,0.753761522959096,0.0911747765009226,287.567304097115,123.292694715066,2567.22405138901,171.177644015143,147.073190393697,670.03302259906,0
Jiangxi Province,4.98446991865737,0.247209879020758,0.274413400351456,0.0470602377660615,290.728301611782,22.26355223431,36.5309459379755,81.5696465376389,38.9989343298864,639.163280136715,62,4.88982133129781,0.187508700459018,0.088702127668231,0.0353318825948229,290.728301611782,9.6888434274026,2.90678709192217,29.3557868161752,11.2314073635882,606.432458037877,1000,5.06681497225328,0.298816705603264,0.446349045165732,0.0574006855354751,290.728301611782,102.191539324919,2597.58568160637,120.562999009278,70.8505277762062,660.312407939539,0
Jilin Province,0.0146676283143831,1.48271349670659,1.93004823560202,0.778857763673467,4.64459228428096,1.67222007049409,6.33154995915607,4.18634865264165,913.563956724411,320.07128538525,62,-0.59758192587233006,1.12012131752999,1.08591449328629,0.536814672350962,4.64459228428096,1.3679908389207,3.13642529195184,3.3827060018216,268.068483658597,276.612388547882,1000,0.603823207486685,1.76952095704677,2.86205460395944,1.14717814748408,4.64459228428096,2.18574699051436,18.5780215030362,4.49483830778944,3001.48452791372,353.663949437799,0
Ningxia Ningxia Hui Autonomous Region,-2.350576703025,2.32564993738611,4.271392338574,1.27081295010639,8.24004704347826,2.21110690428913,44.93481022994,8.19108278927878,16728.6991769731,188.698508594953,62,-3.43603750880002,1.70812294431392,3.00736330002349,0.77601601167122,8.24004704347826,1.68341281454617,13.7976092739732,8.01679900609942,3593.62944459141,114.930826278421,500,-1.44299649252842,2.94862122255101,5.91942692065979,2.40714753578816,8.24004704347826,3.12294308535982,613.788502417971,8.23326946893481,121519.494828809,241.901524337744,0
Shaanxi Province,2.78580366118575,0.629921861014905,0.232545293437836,0.20903972792502,60.2431098487623,23.5304897777036,2.79990536116991,14.6692704567572,32.1879188860498,480.618080385048,62,2.52261180847822,0.500582426698962,-0.281595629607395,0.160870432357421,60.2431098487623,8.45572744647616,0.265398007559369,-24.2190651364019,-28.6743318385479,453.926131030629,1000,2.9982240048783,0.739029449946858,0.737360986719242,0.256275114351034,60.2431098487623,162.601339602212,31.5361140112265,35.3757120985304,142.258657995862,499.581903763055,0
Shandong Province,3.864878473578,0.400835660475978,0.511142428009399,0.0918261269073603,130.728208808408,9.75305755957037,39.816691616219,59.9359601549175,84.6645802258497,570.994018723227,62,3.69436347565607,0.320904053553806,0.200880340220399,0.0724189237779442,130.728208808408,4.97354492097773,4.33023481339365,28.0023337895529,27.2592837170862,543.02019134533,1000,4.02100950842641,0.46047853614228,0.815238280680228,0.107218385279256,130.728208808408,37.7450260293254,1489.94773893201,81.5802075647094,165.989763666658,589.942360210476,0
Shanghai Municipality,4.67963977564249,0.370742023128964,0.57539550977013,0.0707143976679147,320.598655517269,12.9132139166097,151.824319106973,159.870343781604,99.4661998593799,665.259360161584,62,4.54472201143575,0.298519677449177,0.308077250741422,0.056506052279252,320.598655517269,6.12378415220891,13.2561401370363,99.0820696172312,44.7289970169774,637.928395527725,1000,4.80159997328198,0.430286833252803,0.854559328928455,0.0833637167205262,320.598655517269,47.5607728901815,13276.9259034859,205.623178774096,178.840905727544,684.328292834508,0
Shanxi Province,1.28474617657972,0.714693370757596,0.592218360031446,0.383341050508145,17.0525344705448,11.5036206092365,9.36779868557125,8.67430333996407,103.53382718582,326.442397541256,62,0.983600499851583,0.559086857374554,0.126644474865783,0.283006406267762,17.0525344705448,5.28987336970245,1.74677289394775,2.4042155800087,16.4129357352318,296.231917520837,1000,1.53406194180486,0.840903901329147,1.11275040710462,0.505174779742792,17.0525344705448,43.7978170735289,114.850696328548,12.5663687225157,280.113808657438,348.584496141952,0
Sichuan Province,3.83055920649808,0.45282448359198,0.444619531237268,0.106154027113324,218.996939860813,152.531730456234,51.7786389115419,90.5502030350997,70.4963047507898,578.846305788358,62,3.63172883804623,0.359938499487662,0.0724838584746632,0.0857812254030599,218.996939860813,26.0661848271652,2.40424098975006,18.2435685960088,9.08755709381831,550.504335690779,1000,4.00316224503106,0.524806311760784,0.841877306981049,0.12282466308908,218.996939860813,5642.92226222524,1435.9788670051,139.254256017363,174.629513328751,599.344864292822,0
Tianjin Municipality,3.7800689827971,0.440811969617252,0.973493931111069,0.0931382831316479,129.166425818803,2.5935642888773,235.694088483054,89.0049196789894,221.617484586206,593.218542494222,62,3.58538557411714,0.358953443771033,0.670243484355833,0.0753148621824186,129.166425818803,1.8300537796279,37.8474517319186,71.3767723249385,123.511441834176,566.868810121141,1000,3.95136938645864,0.500187800975791,1.2909517930849,0.106476343592941,129.166425818803,4.39889325368621,5744.9661276403,101.727574674582,370.743203276459,611.603006500266,0
Tibet Autonomous Region,3.53862826352194,0.164199422147142,0.557807031342555,0.0401998109250152,69.5667785712226,5.93772660208094,712311.710358111,33.9463718406606,95.3003487507485,421.986846853062,62,3.47118602509289,0.139224844090133,0.426701399260272,0.034104253738873803,69.5667785712226,3.08767739695653,17339.2544385614,27.877434052552,66.8694848475366,399.888066085333,1000,3.60691026634812,0.18408214136291,0.68670409947883,0.0449479289417949,69.5667785712226,18.2609526243791,697690009.023657,39.051050286212,127.970246564211,438.004359483363,0
Xinjiang Uyghur Autonomous Region,2.74101466841945,0.307675137406606,0.590361454450371,0.0927058766517496,43.0744659252142,13.4312175965731,828.556720088948,21.8639596427943,103.080800390494,402.426810027997,62,2.62526873306633,0.233428922676493,0.368463530330251,0.069007705088751,43.0744659252142,6.32742464836809,46.8143817477806,15.3926938690353,55.6058835788055,369.636134418939,1000,2.84895926149938,0.376947638505376,0.808112489435037,0.116722159137959,43.0744659252142,57.4038103591204,489813.398498986,26.7413380457122,163.724555370356,423.758764954987,0
Yunnan Province,0.529415445212283,0.485932710487804,0.613311765135726,0.430145278156788,12.8523626315217,590.233682885007,384.926274571601,6.69558494000716,108.751448817702,185.899802139342,62,0.301047723759649,0.386600543542353,0.168579952777564,0.345457826882278,12.8523626315217,60.9375540352868,7.67359045428083,2.35382032208821,22.4216014149532,147.598722560656,500,0.70734705111684,0.548002996923665,1.11015052172867,0.541568569989188,12.8523626315217,176598.62993505,41162.2314317762,9.46013313283247,278.982867268162,210.203370099066,0
Zhejiang Province,4.57436673788575,0.327288872179627,0.497711841913032,0.0646623978069377,278.636687966319,24.2606470370473,223.621187667163,125.297170812529,81.7122507871623,633.224080072518,62,4.45351395447656,0.257701602453895,0.243697432840461,0.050276897352276,278.636687966319,10.0175645981881,11.1822781588065,70.6504692223587,33.9688227333951,601.940018332899,1000,4.68517549013555,0.388431523098317,0.742943453681271,0.0773828863238379,278.636687966319,121.066431782858,38597.017801294,164.388069749547,143.886431366659,654.400814593773,0
